URL,Last crawled,,https://fccwellbeing.com/thriving-during-tms/,13-04-2025
https://fccwellbeing.com/andrew-holmgren-community-connection/,09-04-2025,,,
https://fccwellbeing.com/carf-accreditation-in-texas/,08-04-2025,,,
https://fccwellbeing.com/cigna-healthy-workforce/,07-04-2025,,,
https://fccwellbeing.com/dea-heath-irreverent-warriors/,07-04-2025,,,
https://fccwellbeing.com/journaling-is-a-good-for-your-mental-health/,05-04-2025,,,
https://fccwellbeing.com/four-important-steps-to-improve-your-mental-health/,04-04-2025,,,
https://fccwellbeing.com/teen-mental-wellness-day/,04-04-2025,,,
https://fccwellbeing.com/patient-story-a-veterans-tms-journey/,01-04-2025,,,
https://fccwellbeing.com/patient-story-lacey-and-tms/,31-03-2025,,,
https://fccwellbeing.com/suicide-prevention-month/,29-03-2025,,,
https://fccwellbeing.com/signs-of-male-depression/,27-03-2025,,,
https://fccwellbeing.com/world-bipolar-day-2023/,26-03-2025,,,
https://fccwellbeing.com/patient-story-larry-and-iop/,25-03-2025,,,
https://fccwellbeing.com/aimee-sullivan-community-connection-nami-tn/,22-03-2025,,,
https://fccwellbeing.com/help-for-ptsd/,22-03-2025,,,
https://fccwellbeing.com/the-coronavirus-and-its-effects-on-kids-mental-health/,21-03-2025,,,
https://fccwellbeing.com/novel-brain-stimulation-technique-shows-promise/,19-03-2025,,,
https://fccwellbeing.com/responding-to-the-rise-in-teen-suicide/,14-03-2025,,,
https://fccwellbeing.com/treating-depression-in-older-adults/,14-03-2025,,,
https://fccwellbeing.com/mental-health-for-seniors/,13-03-2025,,,
,,,,
,,,,
,,,,
